{"Crit_C-rate(1\/h)":{"0":3.0509153438,"1":3.2593822616,"2":4.0449799367,"3":4.6756049983,"4":2.3723721832,"5":3.0680285679,"6":2.819115018,"7":1.7446383642,"8":1.8295696897,"9":1.1972773245,"10":1.2838509787,"11":0.9278228699,"12":0.894375986,"13":0.8564188484,"14":null,"15":null,"16":null,"17":0.8087290926,"18":0.6983110883,"19":0.8481715629,"20":null,"21":null,"22":null,"23":null,"24":null,"25":null,"26":null,"27":null,"28":null,"29":null,"30":null,"31":null,"32":null,"33":null,"34":null,"35":null,"36":null,"37":null,"38":null,"39":null,"40":null,"41":null,"42":null,"43":null,"44":null,"45":null,"46":null,"47":null,"48":null,"49":null,"50":null,"51":null,"52":null,"53":null,"54":null,"55":null,"56":null,"57":null},"Crit_C-rate_hi(1\/h)":{"0":0.195966222,"1":0.3757614055,"2":0.2015933476,"3":0.1939994044,"4":0.3580133856,"5":0.1788529979,"6":0.8160286492,"7":0.3861028487,"8":0.5945584619,"9":0.1225619538,"10":0.3320066364,"11":0.2865113429,"12":0.0183304099,"13":0.1530492708,"14":null,"15":null,"16":null,"17":0.0139886241,"18":0.0215278026,"19":0.0771621985,"20":null,"21":null,"22":null,"23":null,"24":null,"25":null,"26":null,"27":null,"28":null,"29":null,"30":null,"31":null,"32":null,"33":null,"34":null,"35":null,"36":null,"37":null,"38":null,"39":null,"40":null,"41":null,"42":null,"43":null,"44":null,"45":null,"46":null,"47":null,"48":null,"49":null,"50":null,"51":null,"52":null,"53":null,"54":null,"55":null,"56":null,"57":null},"Crit_C-rate_lo(1\/h)":{"0":0.920174131,"1":0.8352541101,"2":1.3145943679,"3":1.4287234325,"4":0.5519371482,"5":0.9372873551,"6":0.3949868664,"7":0.4247990859,"8":0.2137120745,"9":0.2845709286,"10":0.2743828595,"11":0.1190588134,"12":0.2858446344,"13":0.1499502917,"14":null,"15":null,"16":null,"17":0.0888902017,"18":0.0812693737,"19":0.0254538462,"20":null,"21":null,"22":null,"23":null,"24":null,"25":null,"26":null,"27":null,"28":null,"29":null,"30":null,"31":null,"32":null,"33":null,"34":null,"35":null,"36":null,"37":null,"38":null,"39":null,"40":null,"41":null,"42":null,"43":null,"44":null,"45":null,"46":null,"47":null,"48":null,"49":null,"50":null,"51":null,"52":null,"53":null,"54":null,"55":null,"56":null,"57":null},"Batch":{"0":"211202_NMC","1":"211202_NMC","2":"211202_NMC","3":"211202_NMC","4":"211202_NMC","5":"211202_NMC","6":"211202_NMC","7":"211202_NMC","8":"211202_NMC","9":"211202_NMC","10":"211202_NMC","11":"211202_NMC","12":"211202_NMC","13":"211202_NMC","14":"220203_NMC","15":"220203_NMC","16":"220203_NMC","17":"220203_NMC","18":"220203_NMC","19":"220203_NMC","20":"C. Heubner (2020), LTO","21":"C. Heubner (2020), LTO","22":"C. Heubner (2020), LTO","23":"C. Heubner (2020), LTO","24":"C. Heubner (2020), LTO","25":"C. Heubner (2020), LTO","26":"C. Heubner (2020), LTO","27":"C. Heubner (2020), LTO","28":"C. Heubner (2020), NMC","29":"C. Heubner (2020), NMC","30":"C. Heubner (2020), NMC","31":"C. Heubner (2020), NMC","32":"C. Heubner (2020), NMC","33":"C. Heubner (2020), NMC","34":"C. Heubner (2020), NMC","35":"C. Heubner (2020), NMC","36":"C. Heubner (2020), NMC","37":"D.Y.W. Yu (2006), LFP","38":"D.Y.W. Yu (2006), LFP","39":"D.Y.W. Yu (2006), LFP","40":"D.Y.W. Yu (2006), LFP","41":"D.Y.W. Yu (2006), LFP","42":"D.Y.W. Yu (2006), LFP","43":"H. Zheng (2012), LFP","44":"H. Zheng (2012), LFP","45":"H. Zheng (2012), LFP","46":"H. Zheng (2012), LFP","47":"H. Zheng (2012), LFP","48":"H. Zheng (2012), NMC","49":"H. Zheng (2012), NMC","50":"H. Zheng (2012), NMC","51":"H. Zheng (2012), NMC","52":"M. Singh (2016), NMC","53":"M. Singh (2016), NMC","54":"M. Singh (2016), NMC","55":"M. Singh (2016), NMC","56":"M. Singh (2016), NMC","57":"M. Singh (2016), NMC"},"Sample":{"0":"02","1":"03","2":"05","3":"06","4":"07","5":"08","6":"09","7":"12","8":"13","9":"15","10":"16","11":"17","12":"18","13":"19","14":"03","15":"06","16":"18","17":"21","18":"22","19":"23","20":"100","21":"117","22":"145","23":"149","24":"28","25":"29","26":"67","27":"76","28":"119","29":"120","30":"129","31":"163","32":"164","33":"166","34":"206","35":"208","36":"216","37":"120","38":"15","39":"25","40":"45","41":"60","42":"95","43":"10","44":"108","45":"25","46":"50","47":"77","48":"104","49":"24","50":"50","51":"76","52":"105","53":"155","54":"205","55":"255","56":"305","57":"70"},"Thickness(um)":{"0":46,"1":51,"2":52,"3":51,"4":80,"5":75,"6":81,"7":121,"8":108,"9":153,"10":144,"11":171,"12":175,"13":194,"14":171,"15":164,"16":181,"17":205,"18":218,"19":198,"20":100,"21":117,"22":145,"23":149,"24":28,"25":29,"26":67,"27":76,"28":119,"29":120,"30":129,"31":163,"32":164,"33":166,"34":206,"35":208,"36":216,"37":120,"38":15,"39":25,"40":45,"41":60,"42":95,"43":10,"44":108,"45":25,"46":50,"47":77,"48":104,"49":24,"50":50,"51":76,"52":105,"53":155,"54":205,"55":255,"56":305,"57":70}}